	colA-1000	colA-1400	colA-600	colA-top	colB-1000	colB-1400	colB-1750	colB-600	colB-top	colC-1000	colC-1400	colC-1750	colC-600	colC-top
ASV_1	7731	8209	9196	7422	12407	10428	10531	8519	11075	8339	10196	9750	10955	11439
ASV_2	5942	6192	7453	5413	8916	8382	8392	5943	7775	7146	8248	7928	8956	7759
ASV_3	684	953	825	820	31	32	138	20	24	4518	4858	4867	5254	5625
ASV_4	724	716	540	605	1555	1704	2175	1433	1723	229	286	212	218	326
ASV_5	1040	999	638	886	1774	1718	1993	1526	1083	35	52	24	56	61
ASV_6	49	34	22	25	1329	1184	919	1072	1264	45	53	41	56	66
ASV_7	227	330	289	278	359	327	310	203	387	353	436	410	501	439
ASV_8	329	294	750	379	126	226	354	213	142	375	400	498	371	322
ASV_9	180	217	198	286	924	624	848	526	235	2	10	4	5	14
ASV_10	130	161	180	161	536	457	374	318	508	178	236	211	263	215
ASV_11	263	271	574	249	90	151	237	138	129	217	264	359	236	204
ASV_13	394	461	346	389	102	128	177	59	124	78	98	88	74	125
ASV_14	251	212	171	177	7	11	35	23	42	203	238	227	245	333
ASV_15	0	0	0	0	0	0	0	0	0	0	0	0	0	0
ASV_16	3	15	5	6	89	96	151	87	147	258	350	311	278	375
ASV_18	52	34	34	34	144	137	156	117	173	93	150	143	163	223
ASV_19	208	214	156	177	27	40	46	35	51	80	165	137	92	175
ASV_20	270	341	286	221	33	36	77	27	30	11	10	14	12	5
ASV_21	49	60	44	68	169	208	277	128	165	38	45	24	25	28
ASV_22	69	37	37	29	168	248	275	188	201	4	10	9	4	5
ASV_23	100	97	207	92	27	63	84	34	47	91	105	151	88	84
ASV_24	92	60	56	31	0	0	7	0	0	182	189	224	208	196
ASV_25	0	0	0	0	0	0	0	0	0	0	0	0	0	0
ASV_26	82	74	57	29	0	0	2	0	0	149	233	198	193	219
ASV_27	277	325	240	339	3	8	6	3	4	0	0	0	0	0
ASV_28	94	131	108	281	67	47	70	34	73	33	50	50	56	80
ASV_29	309	248	202	167	7	6	8	5	4	19	34	21	30	20
ASV_30	0	0	0	0	0	0	0	0	0	0	0	0	0	0
ASV_31	0	0	0	0	0	0	0	0	0	0	0	0	0	0
ASV_32	48	36	33	23	83	110	141	117	183	60	56	47	59	73
ASV_33	327	293	235	140	0	0	0	0	0	0	1	0	0	0
ASV_34	0	0	0	0	0	0	0	0	0	0	0	0	0	0
ASV_35	67	83	57	30	87	162	125	93	136	15	12	8	18	12
ASV_36	43	25	13	33	106	91	78	86	84	54	76	62	47	96
ASV_37	123	107	83	106	106	60	67	49	49	29	18	25	39	29
ASV_38	0	0	0	0	0	0	0	0	0	0	0	0	0	0
ASV_39	12	28	11	15	108	120	172	79	102	22	14	23	19	32
ASV_40	18	20	9	9	19	11	13	18	23	89	120	106	139	159
ASV_41	155	197	115	126	23	28	35	43	20	1	2	0	1	0
ASV_42	62	34	30	22	84	54	59	29	78	36	46	46	38	73
ASV_43	52	34	23	24	34	32	57	40	37	64	82	76	51	83
ASV_44	105	123	71	67	27	50	84	32	29	9	22	25	22	15
ASV_45	24	29	37	50	70	100	101	78	68	23	14	15	21	31
ASV_46	43	41	22	24	82	122	140	71	95	3	2	10	5	1
ASV_47	0	0	0	0	0	0	0	0	0	0	0	0	0	0
ASV_48	0	0	0	0	0	0	0	0	0	0	0	0	0	0
ASV_49	27	14	7	11	0	0	8	0	0	91	104	110	109	119
ASV_50	0	0	0	0	48	152	234	69	91	0	0	0	0	0
ASV_51	0	4	2	9	53	67	115	51	60	48	43	26	33	62
ASV_52	55	49	136	28	19	31	45	18	31	29	39	43	23	28
ASV_53	132	157	158	95	1	6	3	4	0	2	0	2	0	0
ASV_54	0	0	0	0	0	0	7	0	0	76	136	95	108	129
ASV_55	0	0	0	0	0	0	0	0	0	0	0	0	0	0
ASV_56	11	12	12	3	0	0	4	0	0	78	101	113	80	105
ASV_57	25	25	18	34	38	53	79	68	24	7	30	12	21	21
ASV_58	13	11	12	19	0	0	2	1	0	77	68	81	82	89
ASV_59	53	37	78	25	10	24	34	21	16	28	36	34	32	25
ASV_60	0	0	0	0	0	0	0	0	0	0	0	0	0	0
ASV_61	33	32	48	31	12	29	34	21	12	25	32	56	32	24
ASV_63	0	0	0	0	0	0	0	0	0	0	0	0	0	0
ASV_64	0	0	0	0	0	0	0	0	0	0	0	0	0	0
ASV_65	36	46	33	38	16	23	34	17	35	24	19	23	20	27
ASV_66	0	0	0	0	0	0	0	0	0	0	0	0	0	0
ASV_67	7	8	0	8	4	2	3	3	3	39	64	60	70	111
ASV_68	43	69	48	84	18	39	40	25	14	0	1	0	0	0
ASV_69	0	8	0	0	4	0	11	0	1	47	76	56	48	75
ASV_70	31	22	58	28	11	17	36	10	12	30	33	47	15	25
ASV_71	0	0	0	0	0	0	0	0	0	0	0	0	0	0
ASV_72	7	14	20	14	14	10	25	12	11	38	59	47	44	46
ASV_73	5	12	1	7	17	20	27	11	20	35	46	40	46	33
ASV_74	15	14	7	23	23	26	31	16	33	14	27	23	18	37
ASV_75	52	44	25	54	23	17	28	12	18	0	3	4	8	17
ASV_76	8	5	3	0	0	0	0	0	0	58	59	49	42	57
ASV_77	0	2	0	2	32	68	106	26	42	0	0	0	0	0
ASV_78	0	0	0	0	35	72	99	42	21	0	0	0	0	0
ASV_79	62	61	55	42	4	13	7	3	19	1	0	0	0	0
ASV_80	0	0	0	0	0	0	0	0	0	0	0	0	0	0
ASV_81	1	0	0	2	54	47	37	33	86	0	0	0	0	0
ASV_82	14	27	35	15	4	11	5	0	8	19	30	35	22	28
ASV_83	2	3	0	1	27	36	19	18	31	22	21	23	18	32
ASV_84	0	0	0	0	0	0	0	0	0	0	0	0	0	0
ASV_85	46	32	37	11	8	27	43	13	29	0	0	0	0	0
ASV_86	0	0	0	0	0	0	0	0	0	0	0	0	0	0
ASV_87	3	3	3	0	0	2	0	2	0	23	61	43	34	52
ASV_88	4	6	4	3	4	0	6	3	0	46	28	30	37	48
ASV_89	3	0	0	0	0	0	0	0	0	42	37	35	51	46
ASV_90	0	0	0	0	0	0	0	0	0	0	0	0	0	0
ASV_91	12	13	34	11	3	7	14	4	6	24	15	30	25	12
ASV_92	0	0	0	0	0	0	0	0	0	0	0	0	0	0
ASV_93	40	45	40	64	4	3	4	3	1	0	0	0	0	0
ASV_94	7	8	2	5	2	0	2	10	3	40	42	23	21	38
ASV_95	0	0	0	0	0	0	0	0	0	0	0	0	0	0
ASV_96	2	0	3	0	44	29	58	35	30	0	0	0	0	1
ASV_97	0	2	2	1	0	0	1	0	0	40	29	45	46	35
ASV_98	15	3	5	12	0	0	12	0	0	34	35	18	29	28
ASV_99	26	18	16	12	19	20	24	15	36	2	0	1	0	1
ASV_100	0	0	0	0	0	0	0	0	0	0	0	0	0	0
ASV_101	0	0	0	0	0	0	0	0	0	0	0	0	0	0
ASV_102	39	45	30	64	2	0	1	3	0	0	0	0	0	0
ASV_103	0	2	4	0	0	1	2	0	0	31	31	45	31	37
ASV_104	0	0	0	0	0	0	0	0	0	0	0	0	0	0
ASV_105	0	0	0	0	0	0	0	0	0	0	0	0	0	0
ASV_106	24	34	15	25	0	0	0	0	0	2	9	17	10	30
ASV_107	21	17	11	9	20	20	25	16	20	0	0	0	0	0
ASV_108	0	0	0	0	0	0	0	0	0	0	0	0	0	0
ASV_109	0	0	0	0	0	0	0	0	0	0	0	0	0	0
ASV_110	0	0	0	0	0	0	0	0	0	0	0	0	0	0
ASV_111	13	14	16	7	13	8	12	6	6	7	12	12	10	10
ASV_112	36	21	16	34	6	6	10	3	13	0	0	0	0	0
ASV_113	12	9	14	10	20	23	20	14	15	0	2	0	2	2
ASV_114	21	22	22	20	1	2	3	1	3	11	6	6	7	17
ASV_115	27	26	30	16	6	5	11	2	13	0	0	0	0	2
ASV_116	20	14	7	9	5	9	11	7	12	9	0	14	12	9
ASV_117	0	0	0	0	0	0	0	0	0	0	0	0	0	0
ASV_118	0	0	0	0	0	0	0	0	0	0	0	0	0	0
ASV_119	5	10	4	4	14	5	7	10	7	7	9	12	15	21
ASV_120	0	0	0	0	0	0	0	0	0	0	0	0	0	0
ASV_121	17	25	12	27	8	2	14	6	2	0	3	2	0	11
ASV_122	0	0	0	0	16	44	30	20	14	0	0	2	0	1
ASV_123	13	17	5	7	1	0	0	0	1	18	15	10	18	20
ASV_124	0	0	0	0	0	0	0	0	0	0	0	0	0	0
ASV_125	6	11	7	13	0	0	1	0	0	9	19	18	14	25
ASV_126	0	0	0	0	37	8	23	30	25	0	0	0	0	0
ASV_127	0	0	0	0	0	0	0	0	0	0	0	0	0	0
ASV_128	13	7	3	11	2	1	3	0	5	6	4	5	6	17
ASV_129	17	29	15	8	0	4	3	6	12	1	3	8	3	9
ASV_130	0	0	0	0	0	0	0	0	0	0	0	0	0	0
ASV_131	1	0	1	4	0	0	0	0	0	19	18	21	22	30
ASV_132	0	0	0	0	0	0	1	0	0	21	15	36	15	28
ASV_133	0	0	0	0	0	0	0	0	0	0	0	0	0	0
ASV_134	0	0	0	0	0	0	0	0	0	0	0	0	0	0
ASV_135	15	14	8	7	0	7	4	5	10	4	6	7	13	11
ASV_136	0	1	5	0	15	26	30	12	21	0	0	0	0	0
ASV_137	29	31	17	14	0	2	8	0	3	0	0	0	0	0
ASV_138	0	0	3	0	10	16	36	20	21	0	0	0	0	0
ASV_139	0	0	0	0	0	0	0	0	0	0	0	0	0	0
ASV_140	0	0	1	2	16	18	18	18	23	0	0	0	0	3
ASV_141	0	3	2	2	12	32	22	17	4	0	0	1	0	0
ASV_142	0	0	0	0	0	0	0	0	0	0	0	0	0	0
ASV_143	0	0	0	0	0	0	0	0	0	0	0	0	0	0
ASV_144	0	0	0	0	0	0	0	0	0	0	0	0	0	0
ASV_145	0	0	0	0	0	0	0	0	0	0	0	0	0	0
ASV_146	22	27	21	13	0	0	0	0	0	3	3	0	1	0
ASV_147	0	0	0	0	20	13	21	19	17	0	0	0	0	0
ASV_148	0	0	0	0	0	0	0	0	0	0	0	0	0	0
ASV_149	14	14	15	10	7	5	8	6	9	0	0	0	0	0
ASV_150	0	1	2	2	12	7	14	6	12	2	2	2	13	13
ASV_151	0	0	0	0	17	16	15	10	30	0	0	0	0	0
ASV_152	0	0	0	0	0	0	0	0	0	0	0	0	0	0
ASV_153	18	4	10	0	12	8	10	5	11	0	3	3	0	2
ASV_154	0	0	0	0	0	0	0	0	0	0	0	0	0	0
ASV_155	0	0	0	0	0	0	0	0	0	0	0	0	0	0
ASV_156	0	0	0	0	0	0	0	0	0	0	0	0	0	0
ASV_157	0	0	0	0	0	0	0	0	0	0	0	0	0	0
ASV_158	0	0	0	0	0	0	0	0	0	0	0	0	0	0
ASV_159	0	0	0	0	0	0	0	0	0	0	0	0	0	0
ASV_160	29	22	11	20	0	0	0	0	0	0	0	0	0	0
ASV_161	4	2	2	1	13	2	17	20	14	1	4	0	1	1
ASV_162	0	0	0	3	0	0	0	0	0	11	18	15	19	16
ASV_163	6	17	5	11	7	8	6	9	6	0	4	2	0	0
ASV_164	0	0	0	0	0	0	0	0	0	0	0	0	0	0
ASV_165	11	2	0	6	1	4	5	2	0	7	10	7	7	17
ASV_166	6	11	2	6	6	10	11	11	8	3	0	3	0	1
ASV_167	0	0	0	0	0	0	0	0	0	0	0	0	0	0
ASV_168	0	0	0	0	0	0	0	0	0	0	0	0	0	0
ASV_169	0	0	0	0	9	14	24	16	14	0	0	0	0	0
ASV_170	0	0	0	0	0	0	0	0	0	0	0	0	0	0
ASV_171	0	0	0	0	0	0	0	0	0	0	0	0	0	0
ASV_172	0	0	0	0	18	11	23	7	14	0	0	0	0	0
ASV_173	7	3	3	2	0	0	0	0	0	11	8	11	13	12
ASV_174	8	11	7	10	2	6	3	3	20	1	0	0	0	0
ASV_175	9	8	10	9	6	5	16	0	5	0	1	0	0	1
ASV_176	0	0	0	0	0	0	0	0	0	0	0	0	0	0
ASV_177	0	0	0	0	6	14	13	19	16	0	0	0	0	0
ASV_178	0	0	0	0	0	0	0	0	0	0	0	0	0	0
ASV_179	8	16	5	22	0	6	0	10	0	0	0	0	0	0
ASV_180	0	0	0	0	4	0	0	5	0	7	8	6	18	19
ASV_181	0	0	0	0	0	0	0	0	0	0	0	0	0	0
ASV_182	0	0	0	0	0	0	0	0	0	0	0	0	0	0
ASV_183	19	24	11	7	0	3	0	0	0	0	0	0	0	0
ASV_184	19	13	12	8	0	9	1	0	2	0	0	0	0	0
ASV_185	10	8	2	1	0	0	0	0	0	11	7	6	8	10
ASV_186	0	0	0	0	0	0	0	0	0	0	0	0	0	0
ASV_187	16	15	14	5	0	6	2	3	0	0	0	0	0	1
ASV_188	0	0	0	0	0	0	0	0	0	14	13	13	9	13
ASV_189	0	0	0	0	0	0	0	0	0	0	0	0	0	0
ASV_190	15	19	8	18	0	0	0	0	0	0	0	0	0	0
ASV_191	0	0	1	0	0	0	0	0	0	8	13	13	9	15
ASV_192	0	0	0	0	0	0	0	0	0	0	0	0	0	0
ASV_193	13	11	17	17	0	0	0	0	0	0	0	0	0	0
ASV_194	0	2	2	0	9	17	10	9	5	2	0	0	1	0
ASV_195	0	0	0	0	0	0	0	0	0	10	8	11	12	16
ASV_196	9	6	10	9	0	0	0	0	0	3	6	1	4	8
ASV_197	0	0	0	0	0	0	0	0	0	0	0	0	0	0
ASV_198	4	7	1	4	8	10	10	1	8	0	0	0	0	2
ASV_200	11	21	17	1	1	0	0	3	0	0	0	0	0	0
ASV_201	0	0	0	0	0	0	0	0	0	0	0	0	0	0
ASV_202	0	0	0	0	0	0	0	0	0	0	0	0	0	0
ASV_203	0	3	5	1	2	6	11	10	5	2	1	0	1	4
ASV_204	0	0	0	1	0	0	10	0	0	7	10	3	9	9
ASV_205	18	13	11	5	0	0	0	1	2	0	0	0	0	0
ASV_206	7	7	4	6	0	8	4	4	4	0	0	0	0	5
ASV_207	11	7	14	11	0	0	0	2	3	0	0	0	0	0
ASV_208	4	2	3	0	6	8	11	2	10	0	0	0	0	1
ASV_209	3	0	4	0	3	3	3	0	3	9	6	6	3	4
ASV_210	0	0	0	0	0	0	0	0	0	0	0	0	0	0
ASV_211	0	0	0	0	0	0	0	0	0	0	0	0	0	0
ASV_212	0	0	0	0	0	0	0	0	0	0	0	0	0	0
ASV_213	0	0	0	0	0	0	0	0	0	0	0	0	0	0
ASV_214	7	0	0	6	0	0	6	4	3	0	5	0	4	10
ASV_215	0	0	0	0	0	0	0	0	0	0	0	0	0	0
ASV_216	0	0	0	0	0	0	0	0	0	0	0	0	0	0
ASV_217	0	0	0	2	20	7	4	1	10	0	0	0	0	0
ASV_218	0	0	0	0	7	9	9	3	16	0	0	0	0	0
ASV_219	6	2	5	2	0	0	5	0	1	7	4	4	3	4
ASV_220	5	5	5	9	0	0	3	0	0	3	4	1	3	5
ASV_221	0	4	1	2	0	0	0	0	0	2	9	6	8	11
ASV_222	0	0	0	2	1	40	0	0	0	0	0	0	0	0
ASV_223	0	0	0	0	0	0	0	0	0	0	0	0	0	0
ASV_224	0	0	0	0	0	0	0	0	0	0	0	0	0	0
ASV_225	8	17	7	8	1	0	0	0	0	0	0	0	0	0
ASV_226	2	1	2	2	2	5	4	5	10	0	1	2	1	2
ASV_227	16	10	4	10	0	0	0	0	0	0	0	0	0	0
ASV_228	13	17	4	6	0	0	0	0	0	0	0	0	0	0
ASV_229	0	7	0	0	5	9	11	6	2	0	0	0	0	0
ASV_230	3	0	1	0	2	5	3	2	2	0	8	7	2	4
ASV_231	0	0	0	0	9	10	8	8	4	0	0	0	0	0
ASV_232	0	0	0	0	0	0	0	0	0	0	0	0	0	0
ASV_233	0	0	0	0	5	5	13	0	11	4	0	0	0	0
ASV_234	0	0	0	0	7	28	2	0	0	0	0	0	0	0
ASV_235	0	0	0	0	0	0	0	0	0	0	0	0	0	0
ASV_236	0	0	0	0	0	0	0	0	0	0	0	0	0	0
ASV_237	0	0	0	1	2	10	10	9	4	0	0	0	0	0
ASV_238	0	0	0	0	7	0	14	6	9	0	0	0	0	0
ASV_239	0	0	0	0	0	0	0	0	0	0	0	0	0	0
ASV_240	0	0	0	0	0	0	0	0	0	0	0	0	0	0
ASV_241	0	0	0	0	0	0	0	0	0	0	0	0	0	0
ASV_242	7	7	8	7	1	0	0	2	0	0	1	0	0	2
ASV_243	6	5	6	8	3	3	1	0	3	0	0	0	0	0
ASV_244	0	1	2	2	0	0	0	0	0	4	5	6	5	10
ASV_245	0	0	0	0	12	5	13	2	3	0	0	0	0	0
ASV_246	0	0	0	0	0	0	0	0	0	0	0	0	0	0
ASV_247	0	0	0	0	0	0	0	0	0	0	0	0	0	0
ASV_248	0	0	0	0	11	3	5	6	9	0	0	0	0	0
ASV_249	0	0	0	0	0	0	0	0	0	0	0	0	0	0
ASV_250	0	0	0	0	0	0	0	0	0	0	0	0	0	0
ASV_251	3	1	0	3	1	0	0	0	1	3	5	4	10	2
ASV_252	3	7	0	0	0	0	0	0	0	5	6	0	7	5
ASV_253	0	0	0	0	6	4	11	4	8	0	0	0	0	0
ASV_254	0	0	0	0	0	6	9	6	12	0	0	0	0	0
ASV_255	0	0	0	0	0	0	0	0	0	0	0	0	0	0
ASV_256	5	4	4	0	2	2	2	0	0	1	0	6	5	0
ASV_257	0	0	0	0	6	5	6	2	12	0	0	0	0	0
ASV_258	0	0	0	0	0	0	0	0	0	0	0	0	0	0
ASV_259	0	0	0	0	0	0	0	0	0	0	0	0	0	0
ASV_260	0	0	0	0	0	0	0	0	0	0	0	0	0	0
ASV_261	10	5	5	7	0	1	0	0	0	0	0	0	1	1
ASV_262	7	8	4	7	0	1	0	0	3	0	0	0	0	0
ASV_263	1	0	2	3	0	1	0	1	20	0	0	0	0	2
ASV_264	1	5	6	0	2	6	8	0	2	0	0	0	0	0
ASV_265	0	0	0	0	0	0	0	0	0	0	0	0	0	0
ASV_266	0	0	0	0	0	0	0	0	0	0	0	0	0	0
ASV_267	6	5	2	6	1	4	0	3	2	0	0	0	0	0
ASV_268	0	4	4	0	0	0	1	4	4	0	2	2	2	5
ASV_269	0	0	0	0	3	4	8	5	7	0	0	0	0	1
ASV_270	0	0	0	0	0	0	0	0	0	4	2	5	12	5
ASV_271	9	4	4	6	0	0	0	0	0	0	0	0	2	2
ASV_272	6	8	5	8	0	0	0	0	0	0	0	0	0	0
ASV_273	5	7	4	11	0	0	0	0	0	0	0	0	0	0
ASV_274	3	3	2	0	0	0	4	0	3	3	2	2	3	2
ASV_275	0	0	1	0	10	9	1	2	4	0	0	0	0	0
ASV_276	6	5	10	3	0	0	0	1	0	0	0	0	0	1
ASV_277	0	0	0	0	1	3	12	4	6	0	0	0	0	0
ASV_278	0	0	0	0	0	0	0	0	0	3	5	8	3	6
ASV_279	0	0	0	0	0	0	0	0	0	0	0	0	0	0
ASV_280	0	0	0	0	0	0	0	0	0	0	0	0	0	0
ASV_281	5	3	2	2	0	3	1	2	6	0	0	0	0	0
ASV_282	4	3	0	4	0	2	9	0	0	0	0	0	0	2
ASV_283	4	0	3	7	0	0	0	0	1	0	4	0	3	2
ASV_284	0	0	0	1	0	0	0	0	0	2	0	4	8	9
ASV_285	0	0	0	0	0	0	2	0	0	0	0	5	10	7
ASV_286	0	0	0	0	0	0	0	0	0	0	0	0	0	0
ASV_287	0	0	0	0	0	0	0	0	0	0	0	0	0	0
ASV_288	7	3	1	2	4	0	0	0	4	0	1	0	0	0
ASV_289	2	0	4	0	0	0	0	0	0	0	5	5	4	2
ASV_290	0	0	0	2	4	1	12	1	0	0	2	0	0	0
ASV_291	0	0	0	0	0	0	0	0	0	0	0	0	0	0
ASV_292	9	4	4	0	0	0	0	0	2	0	0	0	0	2
ASV_293	6	2	9	4	0	0	0	0	0	0	0	0	0	0
ASV_294	3	6	2	0	2	2	3	0	3	0	0	0	0	0
ASV_295	1	5	0	3	2	2	3	2	2	0	0	0	0	1
ASV_296	0	0	0	0	1	1	0	0	0	3	3	8	3	2
ASV_297	0	0	0	0	0	0	0	0	0	0	0	0	0	0
ASV_298	2	6	0	2	0	2	4	0	0	3	0	1	0	0
ASV_299	0	0	5	0	0	0	0	0	0	0	7	0	8	0
ASV_300	0	0	0	0	0	0	0	0	0	0	0	0	0	0
ASV_301	0	0	0	0	0	7	8	0	4	0	0	0	0	0
ASV_302	0	0	0	0	0	0	0	0	0	0	0	0	0	0
ASV_303	0	0	0	0	0	0	0	0	0	0	0	0	0	0
ASV_304	0	0	0	3	2	1	4	2	1	2	0	1	2	0
ASV_305	0	0	0	1	1	9	0	7	0	0	0	0	0	0
ASV_306	0	0	0	0	0	0	18	0	0	0	0	0	0	0
ASV_307	0	0	0	0	0	0	0	0	0	0	0	0	0	0
ASV_308	0	0	0	0	0	0	0	0	0	0	0	0	0	0
ASV_310	7	5	0	3	0	0	1	0	0	1	0	0	0	0
ASV_311	3	5	3	0	0	0	2	1	0	1	0	1	1	0
ASV_312	0	0	0	0	0	0	0	17	0	0	0	0	0	0
ASV_313	0	0	0	0	0	0	0	0	0	0	0	0	0	0
ASV_314	1	4	7	4	0	0	0	0	0	0	0	0	0	0
ASV_315	0	0	0	1	0	0	0	0	0	3	0	2	6	4
ASV_316	0	0	0	0	1	0	1	0	1	1	0	1	6	5
ASV_317	3	4	6	0	2	0	0	0	0	0	0	0	0	0
ASV_318	1	0	2	0	0	6	2	1	3	0	0	0	0	0
ASV_319	1	1	1	1	0	0	3	0	0	0	0	1	5	2
ASV_320	0	0	0	0	0	0	0	0	0	5	1	5	3	1
ASV_321	0	0	0	0	0	0	0	0	0	2	3	5	0	5
ASV_322	0	0	0	0	0	0	0	0	0	0	0	0	0	0
ASV_323	4	4	3	0	0	0	0	3	0	0	0	0	0	0
ASV_324	0	0	5	0	0	3	3	0	2	0	0	0	0	1
ASV_325	0	0	0	0	0	0	0	0	14	0	0	0	0	0
ASV_326	0	0	0	0	13	0	0	0	0	0	0	0	0	0
ASV_327	0	0	0	0	0	3	6	2	2	0	0	0	0	0
ASV_328	0	0	0	0	0	0	5	2	5	1	0	0	0	0
ASV_330	3	1	6	2	0	0	0	0	0	0	0	0	0	0
ASV_331	1	3	0	0	0	0	0	0	0	1	2	4	0	1
ASV_332	0	3	0	4	0	5	0	0	0	0	0	0	0	0
ASV_333	0	0	0	12	0	0	0	0	0	0	0	0	0	0
ASV_334	0	0	0	0	12	0	0	0	0	0	0	0	0	0
ASV_335	0	0	0	0	0	0	0	0	0	12	0	0	0	0
ASV_336	0	0	0	0	0	0	0	0	0	0	0	0	0	12
ASV_337	0	0	0	0	0	0	0	0	0	0	0	0	0	12
ASV_338	6	0	1	0	0	4	0	0	0	0	0	0	0	0
ASV_339	0	0	1	1	1	3	0	1	0	1	0	0	2	1
ASV_340	0	0	0	11	0	0	0	0	0	0	0	0	0	0
ASV_341	0	0	0	0	11	0	0	0	0	0	0	0	0	0
ASV_342	0	0	0	0	11	0	0	0	0	0	0	0	0	0
ASV_343	0	0	0	0	0	4	0	0	7	0	0	0	0	0
ASV_344	0	0	0	0	0	0	0	0	0	0	0	0	0	0
ASV_345	5	0	1	2	0	0	2	0	0	0	0	0	0	0
ASV_346	3	0	4	1	0	2	0	0	0	0	0	0	0	0
ASV_347	2	0	4	0	0	0	0	0	0	3	0	0	1	0
ASV_348	1	6	3	0	0	0	0	0	0	0	0	0	0	0
ASV_349	0	0	10	0	0	0	0	0	0	0	0	0	0	0
ASV_350	0	0	3	6	0	0	0	0	0	0	0	0	1	0
ASV_351	0	0	0	0	2	1	5	2	0	0	0	0	0	0
ASV_352	0	0	0	0	0	0	0	0	0	0	0	0	0	0
ASV_353	9	0	0	0	0	0	0	0	0	0	0	0	0	0
ASV_354	5	1	0	0	0	0	0	0	0	1	0	0	0	2
ASV_355	2	4	3	0	0	0	0	0	0	0	0	0	0	0
ASV_356	0	0	5	0	0	1	3	0	0	0	0	0	0	0
ASV_357	0	0	1	2	2	0	2	0	0	0	0	1	0	1
ASV_358	0	0	0	0	2	3	2	1	1	0	0	0	0	0
ASV_359	0	0	0	0	0	5	3	0	0	1	0	0	0	0
ASV_360	0	0	0	0	0	0	9	0	0	0	0	0	0	0
ASV_361	0	0	0	0	0	0	0	0	0	0	0	0	0	0
ASV_362	3	1	2	2	0	0	0	0	0	0	0	0	0	0
ASV_363	0	8	0	0	0	0	0	0	0	0	0	0	0	0
ASV_364	0	0	0	8	0	0	0	0	0	0	0	0	0	0
ASV_365	0	0	0	0	8	0	0	0	0	0	0	0	0	0
ASV_366	0	0	0	0	8	0	0	0	0	0	0	0	0	0
ASV_367	0	0	0	0	3	1	2	1	1	0	0	0	0	0
ASV_368	0	0	0	0	0	8	0	0	0	0	0	0	0	0
ASV_369	0	0	0	0	0	0	8	0	0	0	0	0	0	0
ASV_370	0	0	0	0	0	0	8	0	0	0	0	0	0	0
ASV_371	0	0	0	0	0	0	8	0	0	0	0	0	0	0
ASV_372	0	0	0	0	0	0	0	0	0	0	0	0	0	8
ASV_373	0	0	0	0	0	0	0	0	0	0	0	0	0	0
ASV_374	0	0	0	0	0	0	0	0	0	0	0	0	0	0
ASV_375	0	0	0	0	0	0	0	0	0	0	0	0	0	0
ASV_376	2	0	0	0	0	3	0	2	0	0	0	0	0	0
ASV_377	0	7	0	0	0	0	0	0	0	0	0	0	0	0
ASV_378	0	0	0	7	0	0	0	0	0	0	0	0	0	0
ASV_379	0	0	0	7	0	0	0	0	0	0	0	0	0	0
ASV_380	0	0	0	0	7	0	0	0	0	0	0	0	0	0
ASV_381	0	0	0	0	0	0	7	0	0	0	0	0	0	0
ASV_382	0	0	0	0	0	0	0	7	0	0	0	0	0	0
ASV_383	0	0	0	0	0	0	0	7	0	0	0	0	0	0
ASV_384	0	0	0	0	0	0	0	0	0	0	7	0	0	0
ASV_385	0	0	0	0	0	0	0	0	0	0	0	0	7	0
ASV_386	0	0	0	0	0	0	0	0	0	0	0	0	0	0
ASV_387	4	0	2	0	0	0	0	0	0	0	0	0	0	0
ASV_388	0	6	0	0	0	0	0	0	0	0	0	0	0	0
ASV_389	0	0	6	0	0	0	0	0	0	0	0	0	0	0
ASV_390	0	0	2	1	1	2	0	0	0	0	0	0	0	0
ASV_391	0	0	0	6	0	0	0	0	0	0	0	0	0	0
ASV_392	0	0	0	6	0	0	0	0	0	0	0	0	0	0
ASV_393	0	0	0	0	6	0	0	0	0	0	0	0	0	0
ASV_394	0	0	0	0	4	0	0	0	0	0	0	0	0	2
ASV_395	0	0	0	0	0	6	0	0	0	0	0	0	0	0
ASV_396	0	0	0	0	0	6	0	0	0	0	0	0	0	0
ASV_397	0	0	0	0	0	0	6	0	0	0	0	0	0	0
ASV_398	0	0	0	0	0	0	6	0	0	0	0	0	0	0
ASV_399	0	0	0	0	0	0	6	0	0	0	0	0	0	0
ASV_400	0	0	0	0	0	0	3	3	0	0	0	0	0	0
ASV_401	0	0	0	0	0	0	2	4	0	0	0	0	0	0
ASV_402	0	0	0	0	0	0	0	6	0	0	0	0	0	0
ASV_403	0	0	0	0	0	0	0	6	0	0	0	0	0	0
ASV_404	0	0	0	0	0	0	0	6	0	0	0	0	0	0
ASV_405	0	0	0	0	0	0	0	0	6	0	0	0	0	0
ASV_406	0	0	0	0	0	0	0	0	0	6	0	0	0	0
ASV_407	0	0	0	0	0	0	0	0	0	0	6	0	0	0
ASV_408	0	0	0	0	0	0	0	0	0	0	6	0	0	0
ASV_409	0	0	0	0	0	0	0	0	0	0	0	0	0	6
ASV_410	0	0	0	0	0	0	0	0	0	0	0	0	0	6
ASV_411	0	0	0	0	0	0	0	0	0	0	0	0	0	6
ASV_412	0	0	0	0	0	0	0	0	0	0	0	0	0	0
ASV_413	5	0	0	0	0	0	0	0	0	0	0	0	0	0
ASV_414	5	0	0	0	0	0	0	0	0	0	0	0	0	0
ASV_415	5	0	0	0	0	0	0	0	0	0	0	0	0	0
ASV_416	0	5	0	0	0	0	0	0	0	0	0	0	0	0
ASV_417	0	5	0	0	0	0	0	0	0	0	0	0	0	0
ASV_418	0	5	0	0	0	0	0	0	0	0	0	0	0	0
ASV_419	0	5	0	0	0	0	0	0	0	0	0	0	0	0
ASV_420	0	0	5	0	0	0	0	0	0	0	0	0	0	0
ASV_421	0	0	5	0	0	0	0	0	0	0	0	0	0	0
ASV_422	0	0	5	0	0	0	0	0	0	0	0	0	0	0
ASV_423	0	0	0	5	0	0	0	0	0	0	0	0	0	0
ASV_424	0	0	0	5	0	0	0	0	0	0	0	0	0	0
ASV_425	0	0	0	5	0	0	0	0	0	0	0	0	0	0
ASV_426	0	0	0	5	0	0	0	0	0	0	0	0	0	0
ASV_427	0	0	0	0	5	0	0	0	0	0	0	0	0	0
ASV_428	0	0	0	0	5	0	0	0	0	0	0	0	0	0
ASV_429	0	0	0	0	5	0	0	0	0	0	0	0	0	0
ASV_430	0	0	0	0	4	1	0	0	0	0	0	0	0	0
ASV_431	0	0	0	0	0	5	0	0	0	0	0	0	0	0
ASV_432	0	0	0	0	0	5	0	0	0	0	0	0	0	0
ASV_433	0	0	0	0	0	5	0	0	0	0	0	0	0	0
ASV_434	0	0	0	0	0	0	5	0	0	0	0	0	0	0
ASV_435	0	0	0	0	0	0	5	0	0	0	0	0	0	0
ASV_436	0	0	0	0	0	0	0	5	0	0	0	0	0	0
ASV_437	0	0	0	0	0	0	0	5	0	0	0	0	0	0
ASV_438	0	0	0	0	0	0	0	5	0	0	0	0	0	0
ASV_439	0	0	0	0	0	0	0	0	5	0	0	0	0	0
ASV_440	0	0	0	0	0	0	0	0	5	0	0	0	0	0
ASV_441	0	0	0	0	0	0	0	0	5	0	0	0	0	0
ASV_442	0	0	0	0	0	0	0	0	0	5	0	0	0	0
ASV_443	0	0	0	0	0	0	0	0	0	5	0	0	0	0
ASV_444	0	0	0	0	0	0	0	0	0	1	2	0	0	2
ASV_445	0	0	0	0	0	0	0	0	0	1	0	1	3	0
ASV_446	0	0	0	0	0	0	0	0	0	0	5	0	0	0
ASV_447	0	0	0	0	0	0	0	0	0	0	5	0	0	0
ASV_448	0	0	0	0	0	0	0	0	0	0	0	5	0	0
ASV_449	0	0	0	0	0	0	0	0	0	0	0	5	0	0
ASV_450	0	0	0	0	0	0	0	0	0	0	0	0	5	0
ASV_451	0	0	0	0	0	0	0	0	0	0	0	0	5	0
ASV_452	0	0	0	0	0	0	0	0	0	0	0	0	0	5
ASV_453	0	0	0	0	0	0	0	0	0	0	0	0	0	5
ASV_454	0	0	0	0	0	0	0	0	0	0	0	0	0	0
ASV_455	4	0	0	0	0	0	0	0	0	0	0	0	0	0
ASV_456	3	0	0	0	0	0	0	1	0	0	0	0	0	0
ASV_457	0	4	0	0	0	0	0	0	0	0	0	0	0	0
ASV_458	0	4	0	0	0	0	0	0	0	0	0	0	0	0
ASV_459	0	4	0	0	0	0	0	0	0	0	0	0	0	0
ASV_460	0	4	0	0	0	0	0	0	0	0	0	0	0	0
ASV_461	0	4	0	0	0	0	0	0	0	0	0	0	0	0
ASV_462	0	4	0	0	0	0	0	0	0	0	0	0	0	0
ASV_463	0	2	0	0	0	0	0	0	0	0	1	1	0	0
ASV_464	0	0	4	0	0	0	0	0	0	0	0	0	0	0
ASV_465	0	0	4	0	0	0	0	0	0	0	0	0	0	0
ASV_466	0	0	4	0	0	0	0	0	0	0	0	0	0	0
ASV_467	0	0	4	0	0	0	0	0	0	0	0	0	0	0
ASV_468	0	0	4	0	0	0	0	0	0	0	0	0	0	0
ASV_469	0	0	4	0	0	0	0	0	0	0	0	0	0	0
ASV_470	0	0	0	4	0	0	0	0	0	0	0	0	0	0
ASV_471	0	0	0	4	0	0	0	0	0	0	0	0	0	0
ASV_472	0	0	0	4	0	0	0	0	0	0	0	0	0	0
ASV_473	0	0	0	0	4	0	0	0	0	0	0	0	0	0
ASV_474	0	0	0	0	4	0	0	0	0	0	0	0	0	0
ASV_475	0	0	0	0	4	0	0	0	0	0	0	0	0	0
ASV_476	0	0	0	0	4	0	0	0	0	0	0	0	0	0
ASV_477	0	0	0	0	0	4	0	0	0	0	0	0	0	0
ASV_478	0	0	0	0	0	4	0	0	0	0	0	0	0	0
ASV_479	0	0	0	0	0	0	4	0	0	0	0	0	0	0
ASV_480	0	0	0	0	0	0	4	0	0	0	0	0	0	0
ASV_481	0	0	0	0	0	0	4	0	0	0	0	0	0	0
ASV_482	0	0	0	0	0	0	2	2	0	0	0	0	0	0
ASV_483	0	0	0	0	0	0	0	4	0	0	0	0	0	0
ASV_484	0	0	0	0	0	0	0	4	0	0	0	0	0	0
ASV_485	0	0	0	0	0	0	0	4	0	0	0	0	0	0
ASV_486	0	0	0	0	0	0	0	4	0	0	0	0	0	0
ASV_487	0	0	0	0	0	0	0	4	0	0	0	0	0	0
ASV_488	0	0	0	0	0	0	0	4	0	0	0	0	0	0
ASV_489	0	0	0	0	0	0	0	4	0	0	0	0	0	0
ASV_490	0	0	0	0	0	0	0	4	0	0	0	0	0	0
ASV_491	0	0	0	0	0	0	0	4	0	0	0	0	0	0
ASV_492	0	0	0	0	0	0	0	4	0	0	0	0	0	0
ASV_493	0	0	0	0	0	0	0	2	2	0	0	0	0	0
ASV_494	0	0	0	0	0	0	0	0	4	0	0	0	0	0
ASV_495	0	0	0	0	0	0	0	0	4	0	0	0	0	0
ASV_496	0	0	0	0	0	0	0	0	4	0	0	0	0	0
ASV_497	0	0	0	0	0	0	0	0	0	4	0	0	0	0
ASV_498	0	0	0	0	0	0	0	0	0	0	4	0	0	0
ASV_499	0	0	0	0	0	0	0	0	0	0	0	4	0	0
ASV_500	0	0	0	0	0	0	0	0	0	0	0	4	0	0
ASV_501	0	0	0	0	0	0	0	0	0	0	0	4	0	0
ASV_502	0	0	0	0	0	0	0	0	0	0	0	0	4	0
ASV_503	0	0	0	0	0	0	0	0	0	0	0	0	4	0
ASV_504	0	0	0	0	0	0	0	0	0	0	0	0	4	0
ASV_505	0	0	0	0	0	0	0	0	0	0	0	0	4	0
ASV_506	0	0	0	0	0	0	0	0	0	0	0	0	4	0
ASV_507	0	0	0	0	0	0	0	0	0	0	0	0	0	4
ASV_508	0	0	0	0	0	0	0	0	0	0	0	0	0	4
ASV_509	0	0	0	0	0	0	0	0	0	0	0	0	0	4
ASV_510	0	0	0	0	0	0	0	0	0	0	0	0	0	4
ASV_511	0	0	0	0	0	0	0	0	0	0	0	0	0	0
ASV_512	0	0	0	0	0	0	0	0	0	0	0	0	0	0
ASV_513	3	0	0	0	0	0	0	0	0	0	0	0	0	0
ASV_514	3	0	0	0	0	0	0	0	0	0	0	0	0	0
ASV_515	3	0	0	0	0	0	0	0	0	0	0	0	0	0
ASV_516	3	0	0	0	0	0	0	0	0	0	0	0	0	0
ASV_517	3	0	0	0	0	0	0	0	0	0	0	0	0	0
ASV_518	3	0	0	0	0	0	0	0	0	0	0	0	0	0
ASV_519	3	0	0	0	0	0	0	0	0	0	0	0	0	0
ASV_520	3	0	0	0	0	0	0	0	0	0	0	0	0	0
ASV_521	0	3	0	0	0	0	0	0	0	0	0	0	0	0
ASV_522	0	3	0	0	0	0	0	0	0	0	0	0	0	0
ASV_523	0	3	0	0	0	0	0	0	0	0	0	0	0	0
ASV_524	0	3	0	0	0	0	0	0	0	0	0	0	0	0
ASV_525	0	3	0	0	0	0	0	0	0	0	0	0	0	0
ASV_526	0	3	0	0	0	0	0	0	0	0	0	0	0	0
ASV_527	0	3	0	0	0	0	0	0	0	0	0	0	0	0
ASV_528	0	3	0	0	0	0	0	0	0	0	0	0	0	0
ASV_529	0	3	0	0	0	0	0	0	0	0	0	0	0	0
ASV_530	0	3	0	0	0	0	0	0	0	0	0	0	0	0
ASV_531	0	3	0	0	0	0	0	0	0	0	0	0	0	0
ASV_532	0	3	0	0	0	0	0	0	0	0	0	0	0	0
ASV_533	0	3	0	0	0	0	0	0	0	0	0	0	0	0
ASV_534	0	3	0	0	0	0	0	0	0	0	0	0	0	0
ASV_535	0	3	0	0	0	0	0	0	0	0	0	0	0	0
ASV_536	0	3	0	0	0	0	0	0	0	0	0	0	0	0
ASV_537	0	3	0	0	0	0	0	0	0	0	0	0	0	0
ASV_538	0	3	0	0	0	0	0	0	0	0	0	0	0	0
ASV_539	0	3	0	0	0	0	0	0	0	0	0	0	0	0
ASV_540	0	3	0	0	0	0	0	0	0	0	0	0	0	0
ASV_541	0	3	0	0	0	0	0	0	0	0	0	0	0	0
ASV_542	0	0	3	0	0	0	0	0	0	0	0	0	0	0
ASV_543	0	0	3	0	0	0	0	0	0	0	0	0	0	0
ASV_544	0	0	3	0	0	0	0	0	0	0	0	0	0	0
ASV_545	0	0	3	0	0	0	0	0	0	0	0	0	0	0
ASV_546	0	0	3	0	0	0	0	0	0	0	0	0	0	0
ASV_547	0	0	3	0	0	0	0	0	0	0	0	0	0	0
ASV_548	0	0	3	0	0	0	0	0	0	0	0	0	0	0
ASV_549	0	0	3	0	0	0	0	0	0	0	0	0	0	0
ASV_550	0	0	3	0	0	0	0	0	0	0	0	0	0	0
ASV_551	0	0	3	0	0	0	0	0	0	0	0	0	0	0
ASV_552	0	0	3	0	0	0	0	0	0	0	0	0	0	0
ASV_553	0	0	3	0	0	0	0	0	0	0	0	0	0	0
ASV_554	0	0	0	3	0	0	0	0	0	0	0	0	0	0
ASV_555	0	0	0	3	0	0	0	0	0	0	0	0	0	0
ASV_556	0	0	0	3	0	0	0	0	0	0	0	0	0	0
ASV_557	0	0	0	3	0	0	0	0	0	0	0	0	0	0
ASV_558	0	0	0	3	0	0	0	0	0	0	0	0	0	0
ASV_559	0	0	0	3	0	0	0	0	0	0	0	0	0	0
ASV_560	0	0	0	3	0	0	0	0	0	0	0	0	0	0
ASV_561	0	0	0	3	0	0	0	0	0	0	0	0	0	0
ASV_562	0	0	0	3	0	0	0	0	0	0	0	0	0	0
ASV_563	0	0	0	3	0	0	0	0	0	0	0	0	0	0
ASV_564	0	0	0	3	0	0	0	0	0	0	0	0	0	0
ASV_565	0	0	0	3	0	0	0	0	0	0	0	0	0	0
ASV_566	0	0	0	0	3	0	0	0	0	0	0	0	0	0
ASV_567	0	0	0	0	3	0	0	0	0	0	0	0	0	0
ASV_568	0	0	0	0	3	0	0	0	0	0	0	0	0	0
ASV_569	0	0	0	0	3	0	0	0	0	0	0	0	0	0
ASV_570	0	0	0	0	3	0	0	0	0	0	0	0	0	0
ASV_571	0	0	0	0	3	0	0	0	0	0	0	0	0	0
ASV_572	0	0	0	0	3	0	0	0	0	0	0	0	0	0
ASV_573	0	0	0	0	3	0	0	0	0	0	0	0	0	0
ASV_574	0	0	0	0	0	3	0	0	0	0	0	0	0	0
ASV_575	0	0	0	0	0	3	0	0	0	0	0	0	0	0
ASV_576	0	0	0	0	0	3	0	0	0	0	0	0	0	0
ASV_577	0	0	0	0	0	3	0	0	0	0	0	0	0	0
ASV_578	0	0	0	0	0	3	0	0	0	0	0	0	0	0
ASV_579	0	0	0	0	0	3	0	0	0	0	0	0	0	0
ASV_580	0	0	0	0	0	3	0	0	0	0	0	0	0	0
ASV_581	0	0	0	0	0	3	0	0	0	0	0	0	0	0
ASV_582	0	0	0	0	0	3	0	0	0	0	0	0	0	0
ASV_583	0	0	0	0	0	3	0	0	0	0	0	0	0	0
ASV_584	0	0	0	0	0	3	0	0	0	0	0	0	0	0
ASV_585	0	0	0	0	0	0	3	0	0	0	0	0	0	0
ASV_586	0	0	0	0	0	0	3	0	0	0	0	0	0	0
ASV_587	0	0	0	0	0	0	3	0	0	0	0	0	0	0
ASV_588	0	0	0	0	0	0	3	0	0	0	0	0	0	0
ASV_589	0	0	0	0	0	0	3	0	0	0	0	0	0	0
ASV_590	0	0	0	0	0	0	3	0	0	0	0	0	0	0
ASV_591	0	0	0	0	0	0	3	0	0	0	0	0	0	0
ASV_592	0	0	0	0	0	0	3	0	0	0	0	0	0	0
ASV_593	0	0	0	0	0	0	3	0	0	0	0	0	0	0
ASV_594	0	0	0	0	0	0	3	0	0	0	0	0	0	0
ASV_595	0	0	0	0	0	0	3	0	0	0	0	0	0	0
ASV_596	0	0	0	0	0	0	3	0	0	0	0	0	0	0
ASV_597	0	0	0	0	0	0	3	0	0	0	0	0	0	0
ASV_598	0	0	0	0	0	0	0	3	0	0	0	0	0	0
ASV_599	0	0	0	0	0	0	0	3	0	0	0	0	0	0
ASV_600	0	0	0	0	0	0	0	3	0	0	0	0	0	0
ASV_601	0	0	0	0	0	0	0	3	0	0	0	0	0	0
ASV_602	0	0	0	0	0	0	0	3	0	0	0	0	0	0
ASV_603	0	0	0	0	0	0	0	3	0	0	0	0	0	0
ASV_604	0	0	0	0	0	0	0	3	0	0	0	0	0	0
ASV_605	0	0	0	0	0	0	0	0	3	0	0	0	0	0
ASV_606	0	0	0	0	0	0	0	0	3	0	0	0	0	0
ASV_607	0	0	0	0	0	0	0	0	3	0	0	0	0	0
ASV_608	0	0	0	0	0	0	0	0	3	0	0	0	0	0
ASV_609	0	0	0	0	0	0	0	0	3	0	0	0	0	0
ASV_610	0	0	0	0	0	0	0	0	3	0	0	0	0	0
ASV_611	0	0	0	0	0	0	0	0	0	3	0	0	0	0
ASV_612	0	0	0	0	0	0	0	0	0	3	0	0	0	0
ASV_613	0	0	0	0	0	0	0	0	0	3	0	0	0	0
ASV_614	0	0	0	0	0	0	0	0	0	0	3	0	0	0
ASV_615	0	0	0	0	0	0	0	0	0	0	3	0	0	0
ASV_616	0	0	0	0	0	0	0	0	0	0	3	0	0	0
ASV_617	0	0	0	0	0	0	0	0	0	0	3	0	0	0
ASV_618	0	0	0	0	0	0	0	0	0	0	3	0	0	0
ASV_619	0	0	0	0	0	0	0	0	0	0	3	0	0	0
ASV_620	0	0	0	0	0	0	0	0	0	0	3	0	0	0
ASV_621	0	0	0	0	0	0	0	0	0	0	3	0	0	0
ASV_622	0	0	0	0	0	0	0	0	0	0	3	0	0	0
ASV_623	0	0	0	0	0	0	0	0	0	0	3	0	0	0
ASV_624	0	0	0	0	0	0	0	0	0	0	3	0	0	0
ASV_625	0	0	0	0	0	0	0	0	0	0	3	0	0	0
ASV_626	0	0	0	0	0	0	0	0	0	0	3	0	0	0
ASV_627	0	0	0	0	0	0	0	0	0	0	3	0	0	0
ASV_628	0	0	0	0	0	0	0	0	0	0	3	0	0	0
ASV_629	0	0	0	0	0	0	0	0	0	0	0	3	0	0
ASV_630	0	0	0	0	0	0	0	0	0	0	0	3	0	0
ASV_631	0	0	0	0	0	0	0	0	0	0	0	3	0	0
ASV_632	0	0	0	0	0	0	0	0	0	0	0	3	0	0
ASV_633	0	0	0	0	0	0	0	0	0	0	0	3	0	0
ASV_634	0	0	0	0	0	0	0	0	0	0	0	3	0	0
ASV_635	0	0	0	0	0	0	0	0	0	0	0	0	3	0
ASV_636	0	0	0	0	0	0	0	0	0	0	0	0	3	0
ASV_637	0	0	0	0	0	0	0	0	0	0	0	0	3	0
ASV_638	0	0	0	0	0	0	0	0	0	0	0	0	3	0
ASV_639	0	0	0	0	0	0	0	0	0	0	0	0	0	3
ASV_640	0	0	0	0	0	0	0	0	0	0	0	0	0	3
ASV_641	0	0	0	0	0	0	0	0	0	0	0	0	0	3
ASV_642	0	0	0	0	0	0	0	0	0	0	0	0	0	3
ASV_643	0	0	0	0	0	0	0	0	0	0	0	0	0	3
ASV_644	0	0	0	0	0	0	0	0	0	0	0	0	0	3
ASV_645	0	0	0	0	0	0	0	0	0	0	0	0	0	3
ASV_646	0	0	0	0	0	0	0	0	0	0	0	0	0	0
ASV_647	0	0	0	0	0	0	0	0	0	0	0	0	0	0
ASV_648	0	0	0	0	0	0	0	0	0	0	0	0	0	0
ASV_649	0	0	0	0	0	0	0	0	0	0	0	0	0	0
ASV_650	2	0	0	0	0	0	0	0	0	0	0	0	0	0
ASV_651	2	0	0	0	0	0	0	0	0	0	0	0	0	0
ASV_652	2	0	0	0	0	0	0	0	0	0	0	0	0	0
ASV_653	2	0	0	0	0	0	0	0	0	0	0	0	0	0
ASV_654	2	0	0	0	0	0	0	0	0	0	0	0	0	0
ASV_655	2	0	0	0	0	0	0	0	0	0	0	0	0	0
ASV_656	2	0	0	0	0	0	0	0	0	0	0	0	0	0
ASV_657	2	0	0	0	0	0	0	0	0	0	0	0	0	0
ASV_658	2	0	0	0	0	0	0	0	0	0	0	0	0	0
ASV_659	2	0	0	0	0	0	0	0	0	0	0	0	0	0
ASV_660	2	0	0	0	0	0	0	0	0	0	0	0	0	0
ASV_661	2	0	0	0	0	0	0	0	0	0	0	0	0	0
ASV_662	2	0	0	0	0	0	0	0	0	0	0	0	0	0
ASV_663	2	0	0	0	0	0	0	0	0	0	0	0	0	0
ASV_664	2	0	0	0	0	0	0	0	0	0	0	0	0	0
ASV_665	2	0	0	0	0	0	0	0	0	0	0	0	0	0
ASV_666	2	0	0	0	0	0	0	0	0	0	0	0	0	0
ASV_667	2	0	0	0	0	0	0	0	0	0	0	0	0	0
ASV_668	2	0	0	0	0	0	0	0	0	0	0	0	0	0
ASV_669	2	0	0	0	0	0	0	0	0	0	0	0	0	0
ASV_670	2	0	0	0	0	0	0	0	0	0	0	0	0	0
ASV_671	2	0	0	0	0	0	0	0	0	0	0	0	0	0
ASV_672	2	0	0	0	0	0	0	0	0	0	0	0	0	0
ASV_673	2	0	0	0	0	0	0	0	0	0	0	0	0	0
ASV_674	2	0	0	0	0	0	0	0	0	0	0	0	0	0
ASV_675	0	2	0	0	0	0	0	0	0	0	0	0	0	0
ASV_676	0	2	0	0	0	0	0	0	0	0	0	0	0	0
ASV_677	0	2	0	0	0	0	0	0	0	0	0	0	0	0
ASV_678	0	2	0	0	0	0	0	0	0	0	0	0	0	0
ASV_679	0	2	0	0	0	0	0	0	0	0	0	0	0	0
ASV_680	0	2	0	0	0	0	0	0	0	0	0	0	0	0
ASV_681	0	2	0	0	0	0	0	0	0	0	0	0	0	0
ASV_682	0	2	0	0	0	0	0	0	0	0	0	0	0	0
ASV_683	0	2	0	0	0	0	0	0	0	0	0	0	0	0
ASV_684	0	2	0	0	0	0	0	0	0	0	0	0	0	0
ASV_685	0	2	0	0	0	0	0	0	0	0	0	0	0	0
ASV_686	0	2	0	0	0	0	0	0	0	0	0	0	0	0
ASV_687	0	2	0	0	0	0	0	0	0	0	0	0	0	0
ASV_688	0	2	0	0	0	0	0	0	0	0	0	0	0	0
ASV_689	0	2	0	0	0	0	0	0	0	0	0	0	0	0
ASV_690	0	2	0	0	0	0	0	0	0	0	0	0	0	0
ASV_691	0	2	0	0	0	0	0	0	0	0	0	0	0	0
ASV_692	0	2	0	0	0	0	0	0	0	0	0	0	0	0
ASV_693	0	2	0	0	0	0	0	0	0	0	0	0	0	0
ASV_694	0	2	0	0	0	0	0	0	0	0	0	0	0	0
ASV_695	0	2	0	0	0	0	0	0	0	0	0	0	0	0
ASV_696	0	2	0	0	0	0	0	0	0	0	0	0	0	0
ASV_697	0	2	0	0	0	0	0	0	0	0	0	0	0	0
ASV_698	0	2	0	0	0	0	0	0	0	0	0	0	0	0
ASV_699	0	2	0	0	0	0	0	0	0	0	0	0	0	0
ASV_700	0	2	0	0	0	0	0	0	0	0	0	0	0	0
ASV_701	0	2	0	0	0	0	0	0	0	0	0	0	0	0
ASV_702	0	2	0	0	0	0	0	0	0	0	0	0	0	0
ASV_703	0	2	0	0	0	0	0	0	0	0	0	0	0	0
ASV_704	0	2	0	0	0	0	0	0	0	0	0	0	0	0
ASV_705	0	0	2	0	0	0	0	0	0	0	0	0	0	0
ASV_706	0	0	2	0	0	0	0	0	0	0	0	0	0	0
ASV_707	0	0	2	0	0	0	0	0	0	0	0	0	0	0
ASV_708	0	0	2	0	0	0	0	0	0	0	0	0	0	0
ASV_709	0	0	2	0	0	0	0	0	0	0	0	0	0	0
ASV_710	0	0	2	0	0	0	0	0	0	0	0	0	0	0
ASV_711	0	0	2	0	0	0	0	0	0	0	0	0	0	0
ASV_712	0	0	2	0	0	0	0	0	0	0	0	0	0	0
ASV_713	0	0	2	0	0	0	0	0	0	0	0	0	0	0
ASV_714	0	0	2	0	0	0	0	0	0	0	0	0	0	0
ASV_715	0	0	2	0	0	0	0	0	0	0	0	0	0	0
ASV_716	0	0	2	0	0	0	0	0	0	0	0	0	0	0
ASV_717	0	0	2	0	0	0	0	0	0	0	0	0	0	0
ASV_718	0	0	2	0	0	0	0	0	0	0	0	0	0	0
ASV_719	0	0	2	0	0	0	0	0	0	0	0	0	0	0
ASV_720	0	0	2	0	0	0	0	0	0	0	0	0	0	0
ASV_721	0	0	2	0	0	0	0	0	0	0	0	0	0	0
ASV_722	0	0	2	0	0	0	0	0	0	0	0	0	0	0
ASV_723	0	0	2	0	0	0	0	0	0	0	0	0	0	0
ASV_724	0	0	2	0	0	0	0	0	0	0	0	0	0	0
ASV_725	0	0	2	0	0	0	0	0	0	0	0	0	0	0
ASV_726	0	0	2	0	0	0	0	0	0	0	0	0	0	0
ASV_727	0	0	2	0	0	0	0	0	0	0	0	0	0	0
ASV_728	0	0	2	0	0	0	0	0	0	0	0	0	0	0
ASV_729	0	0	0	2	0	0	0	0	0	0	0	0	0	0
ASV_730	0	0	0	2	0	0	0	0	0	0	0	0	0	0
ASV_731	0	0	0	2	0	0	0	0	0	0	0	0	0	0
ASV_732	0	0	0	2	0	0	0	0	0	0	0	0	0	0
ASV_733	0	0	0	2	0	0	0	0	0	0	0	0	0	0
ASV_734	0	0	0	2	0	0	0	0	0	0	0	0	0	0
ASV_735	0	0	0	2	0	0	0	0	0	0	0	0	0	0
ASV_736	0	0	0	2	0	0	0	0	0	0	0	0	0	0
ASV_737	0	0	0	2	0	0	0	0	0	0	0	0	0	0
ASV_738	0	0	0	2	0	0	0	0	0	0	0	0	0	0
ASV_739	0	0	0	2	0	0	0	0	0	0	0	0	0	0
ASV_740	0	0	0	2	0	0	0	0	0	0	0	0	0	0
ASV_741	0	0	0	2	0	0	0	0	0	0	0	0	0	0
ASV_742	0	0	0	2	0	0	0	0	0	0	0	0	0	0
ASV_743	0	0	0	2	0	0	0	0	0	0	0	0	0	0
ASV_744	0	0	0	2	0	0	0	0	0	0	0	0	0	0
ASV_745	0	0	0	2	0	0	0	0	0	0	0	0	0	0
ASV_746	0	0	0	2	0	0	0	0	0	0	0	0	0	0
ASV_747	0	0	0	2	0	0	0	0	0	0	0	0	0	0
ASV_748	0	0	0	0	2	0	0	0	0	0	0	0	0	0
ASV_749	0	0	0	0	2	0	0	0	0	0	0	0	0	0
ASV_750	0	0	0	0	2	0	0	0	0	0	0	0	0	0
ASV_751	0	0	0	0	2	0	0	0	0	0	0	0	0	0
ASV_752	0	0	0	0	2	0	0	0	0	0	0	0	0	0
ASV_753	0	0	0	0	2	0	0	0	0	0	0	0	0	0
ASV_754	0	0	0	0	2	0	0	0	0	0	0	0	0	0
ASV_755	0	0	0	0	2	0	0	0	0	0	0	0	0	0
ASV_756	0	0	0	0	2	0	0	0	0	0	0	0	0	0
ASV_757	0	0	0	0	2	0	0	0	0	0	0	0	0	0
ASV_758	0	0	0	0	2	0	0	0	0	0	0	0	0	0
ASV_759	0	0	0	0	2	0	0	0	0	0	0	0	0	0
ASV_760	0	0	0	0	2	0	0	0	0	0	0	0	0	0
ASV_761	0	0	0	0	2	0	0	0	0	0	0	0	0	0
ASV_762	0	0	0	0	2	0	0	0	0	0	0	0	0	0
ASV_763	0	0	0	0	2	0	0	0	0	0	0	0	0	0
ASV_764	0	0	0	0	2	0	0	0	0	0	0	0	0	0
ASV_765	0	0	0	0	2	0	0	0	0	0	0	0	0	0
ASV_766	0	0	0	0	2	0	0	0	0	0	0	0	0	0
ASV_767	0	0	0	0	2	0	0	0	0	0	0	0	0	0
ASV_768	0	0	0	0	2	0	0	0	0	0	0	0	0	0
ASV_769	0	0	0	0	0	2	0	0	0	0	0	0	0	0
ASV_770	0	0	0	0	0	2	0	0	0	0	0	0	0	0
ASV_771	0	0	0	0	0	2	0	0	0	0	0	0	0	0
ASV_772	0	0	0	0	0	2	0	0	0	0	0	0	0	0
ASV_773	0	0	0	0	0	2	0	0	0	0	0	0	0	0
ASV_774	0	0	0	0	0	2	0	0	0	0	0	0	0	0
ASV_775	0	0	0	0	0	2	0	0	0	0	0	0	0	0
ASV_776	0	0	0	0	0	2	0	0	0	0	0	0	0	0
ASV_777	0	0	0	0	0	2	0	0	0	0	0	0	0	0
ASV_778	0	0	0	0	0	2	0	0	0	0	0	0	0	0
ASV_779	0	0	0	0	0	2	0	0	0	0	0	0	0	0
ASV_780	0	0	0	0	0	2	0	0	0	0	0	0	0	0
ASV_781	0	0	0	0	0	2	0	0	0	0	0	0	0	0
ASV_782	0	0	0	0	0	2	0	0	0	0	0	0	0	0
ASV_783	0	0	0	0	0	2	0	0	0	0	0	0	0	0
ASV_784	0	0	0	0	0	2	0	0	0	0	0	0	0	0
ASV_785	0	0	0	0	0	2	0	0	0	0	0	0	0	0
ASV_786	0	0	0	0	0	2	0	0	0	0	0	0	0	0
ASV_787	0	0	0	0	0	2	0	0	0	0	0	0	0	0
ASV_788	0	0	0	0	0	2	0	0	0	0	0	0	0	0
ASV_789	0	0	0	0	0	2	0	0	0	0	0	0	0	0
ASV_790	0	0	0	0	0	2	0	0	0	0	0	0	0	0
ASV_791	0	0	0	0	0	2	0	0	0	0	0	0	0	0
ASV_792	0	0	0	0	0	2	0	0	0	0	0	0	0	0
ASV_793	0	0	0	0	0	2	0	0	0	0	0	0	0	0
ASV_794	0	0	0	0	0	2	0	0	0	0	0	0	0	0
ASV_795	0	0	0	0	0	2	0	0	0	0	0	0	0	0
ASV_796	0	0	0	0	0	2	0	0	0	0	0	0	0	0
ASV_797	0	0	0	0	0	2	0	0	0	0	0	0	0	0
ASV_798	0	0	0	0	0	2	0	0	0	0	0	0	0	0
ASV_799	0	0	0	0	0	0	2	0	0	0	0	0	0	0
ASV_800	0	0	0	0	0	0	2	0	0	0	0	0	0	0
ASV_801	0	0	0	0	0	0	2	0	0	0	0	0	0	0
ASV_802	0	0	0	0	0	0	2	0	0	0	0	0	0	0
ASV_803	0	0	0	0	0	0	2	0	0	0	0	0	0	0
ASV_804	0	0	0	0	0	0	2	0	0	0	0	0	0	0
ASV_805	0	0	0	0	0	0	2	0	0	0	0	0	0	0
ASV_806	0	0	0	0	0	0	2	0	0	0	0	0	0	0
ASV_807	0	0	0	0	0	0	2	0	0	0	0	0	0	0
ASV_808	0	0	0	0	0	0	2	0	0	0	0	0	0	0
ASV_809	0	0	0	0	0	0	2	0	0	0	0	0	0	0
ASV_810	0	0	0	0	0	0	2	0	0	0	0	0	0	0
ASV_811	0	0	0	0	0	0	2	0	0	0	0	0	0	0
ASV_812	0	0	0	0	0	0	2	0	0	0	0	0	0	0
ASV_813	0	0	0	0	0	0	2	0	0	0	0	0	0	0
ASV_814	0	0	0	0	0	0	2	0	0	0	0	0	0	0
ASV_815	0	0	0	0	0	0	2	0	0	0	0	0	0	0
ASV_816	0	0	0	0	0	0	2	0	0	0	0	0	0	0
ASV_817	0	0	0	0	0	0	2	0	0	0	0	0	0	0
ASV_818	0	0	0	0	0	0	2	0	0	0	0	0	0	0
ASV_819	0	0	0	0	0	0	2	0	0	0	0	0	0	0
ASV_820	0	0	0	0	0	0	2	0	0	0	0	0	0	0
ASV_821	0	0	0	0	0	0	2	0	0	0	0	0	0	0
ASV_822	0	0	0	0	0	0	2	0	0	0	0	0	0	0
ASV_823	0	0	0	0	0	0	2	0	0	0	0	0	0	0
ASV_824	0	0	0	0	0	0	2	0	0	0	0	0	0	0
ASV_825	0	0	0	0	0	0	2	0	0	0	0	0	0	0
ASV_826	0	0	0	0	0	0	2	0	0	0	0	0	0	0
ASV_827	0	0	0	0	0	0	2	0	0	0	0	0	0	0
ASV_828	0	0	0	0	0	0	2	0	0	0	0	0	0	0
ASV_829	0	0	0	0	0	0	0	2	0	0	0	0	0	0
ASV_830	0	0	0	0	0	0	0	2	0	0	0	0	0	0
ASV_831	0	0	0	0	0	0	0	2	0	0	0	0	0	0
ASV_832	0	0	0	0	0	0	0	2	0	0	0	0	0	0
ASV_833	0	0	0	0	0	0	0	2	0	0	0	0	0	0
ASV_834	0	0	0	0	0	0	0	2	0	0	0	0	0	0
ASV_835	0	0	0	0	0	0	0	2	0	0	0	0	0	0
ASV_836	0	0	0	0	0	0	0	2	0	0	0	0	0	0
ASV_837	0	0	0	0	0	0	0	2	0	0	0	0	0	0
ASV_838	0	0	0	0	0	0	0	2	0	0	0	0	0	0
ASV_839	0	0	0	0	0	0	0	2	0	0	0	0	0	0
ASV_840	0	0	0	0	0	0	0	2	0	0	0	0	0	0
ASV_841	0	0	0	0	0	0	0	2	0	0	0	0	0	0
ASV_842	0	0	0	0	0	0	0	2	0	0	0	0	0	0
ASV_843	0	0	0	0	0	0	0	2	0	0	0	0	0	0
ASV_844	0	0	0	0	0	0	0	2	0	0	0	0	0	0
ASV_845	0	0	0	0	0	0	0	2	0	0	0	0	0	0
ASV_846	0	0	0	0	0	0	0	2	0	0	0	0	0	0
ASV_847	0	0	0	0	0	0	0	2	0	0	0	0	0	0
ASV_848	0	0	0	0	0	0	0	2	0	0	0	0	0	0
ASV_849	0	0	0	0	0	0	0	0	2	0	0	0	0	0
ASV_850	0	0	0	0	0	0	0	0	2	0	0	0	0	0
ASV_851	0	0	0	0	0	0	0	0	2	0	0	0	0	0
ASV_852	0	0	0	0	0	0	0	0	2	0	0	0	0	0
ASV_853	0	0	0	0	0	0	0	0	2	0	0	0	0	0
ASV_854	0	0	0	0	0	0	0	0	2	0	0	0	0	0
ASV_855	0	0	0	0	0	0	0	0	2	0	0	0	0	0
ASV_856	0	0	0	0	0	0	0	0	2	0	0	0	0	0
ASV_857	0	0	0	0	0	0	0	0	2	0	0	0	0	0
ASV_858	0	0	0	0	0	0	0	0	2	0	0	0	0	0
ASV_859	0	0	0	0	0	0	0	0	2	0	0	0	0	0
ASV_860	0	0	0	0	0	0	0	0	2	0	0	0	0	0
ASV_861	0	0	0	0	0	0	0	0	2	0	0	0	0	0
ASV_862	0	0	0	0	0	0	0	0	2	0	0	0	0	0
ASV_863	0	0	0	0	0	0	0	0	2	0	0	0	0	0
ASV_864	0	0	0	0	0	0	0	0	2	0	0	0	0	0
ASV_865	0	0	0	0	0	0	0	0	0	2	0	0	0	0
ASV_866	0	0	0	0	0	0	0	0	0	2	0	0	0	0
ASV_867	0	0	0	0	0	0	0	0	0	2	0	0	0	0
ASV_868	0	0	0	0	0	0	0	0	0	2	0	0	0	0
ASV_869	0	0	0	0	0	0	0	0	0	2	0	0	0	0
ASV_870	0	0	0	0	0	0	0	0	0	2	0	0	0	0
ASV_871	0	0	0	0	0	0	0	0	0	2	0	0	0	0
ASV_872	0	0	0	0	0	0	0	0	0	2	0	0	0	0
ASV_873	0	0	0	0	0	0	0	0	0	2	0	0	0	0
ASV_874	0	0	0	0	0	0	0	0	0	2	0	0	0	0
ASV_875	0	0	0	0	0	0	0	0	0	2	0	0	0	0
ASV_876	0	0	0	0	0	0	0	0	0	2	0	0	0	0
ASV_877	0	0	0	0	0	0	0	0	0	2	0	0	0	0
ASV_878	0	0	0	0	0	0	0	0	0	2	0	0	0	0
ASV_879	0	0	0	0	0	0	0	0	0	2	0	0	0	0
ASV_880	0	0	0	0	0	0	0	0	0	0	2	0	0	0
ASV_881	0	0	0	0	0	0	0	0	0	0	2	0	0	0
ASV_882	0	0	0	0	0	0	0	0	0	0	2	0	0	0
ASV_883	0	0	0	0	0	0	0	0	0	0	2	0	0	0
ASV_884	0	0	0	0	0	0	0	0	0	0	2	0	0	0
ASV_885	0	0	0	0	0	0	0	0	0	0	2	0	0	0
ASV_886	0	0	0	0	0	0	0	0	0	0	2	0	0	0
ASV_887	0	0	0	0	0	0	0	0	0	0	2	0	0	0
ASV_888	0	0	0	0	0	0	0	0	0	0	2	0	0	0
ASV_889	0	0	0	0	0	0	0	0	0	0	2	0	0	0
ASV_890	0	0	0	0	0	0	0	0	0	0	2	0	0	0
ASV_891	0	0	0	0	0	0	0	0	0	0	2	0	0	0
ASV_892	0	0	0	0	0	0	0	0	0	0	2	0	0	0
ASV_893	0	0	0	0	0	0	0	0	0	0	2	0	0	0
ASV_894	0	0	0	0	0	0	0	0	0	0	2	0	0	0
ASV_895	0	0	0	0	0	0	0	0	0	0	2	0	0	0
ASV_896	0	0	0	0	0	0	0	0	0	0	2	0	0	0
ASV_897	0	0	0	0	0	0	0	0	0	0	2	0	0	0
ASV_898	0	0	0	0	0	0	0	0	0	0	2	0	0	0
ASV_899	0	0	0	0	0	0	0	0	0	0	2	0	0	0
ASV_900	0	0	0	0	0	0	0	0	0	0	2	0	0	0
ASV_901	0	0	0	0	0	0	0	0	0	0	2	0	0	0
ASV_902	0	0	0	0	0	0	0	0	0	0	2	0	0	0
ASV_903	0	0	0	0	0	0	0	0	0	0	0	2	0	0
ASV_904	0	0	0	0	0	0	0	0	0	0	0	2	0	0
ASV_905	0	0	0	0	0	0	0	0	0	0	0	2	0	0
ASV_906	0	0	0	0	0	0	0	0	0	0	0	2	0	0
ASV_907	0	0	0	0	0	0	0	0	0	0	0	2	0	0
ASV_908	0	0	0	0	0	0	0	0	0	0	0	2	0	0
ASV_909	0	0	0	0	0	0	0	0	0	0	0	2	0	0
ASV_910	0	0	0	0	0	0	0	0	0	0	0	2	0	0
ASV_911	0	0	0	0	0	0	0	0	0	0	0	2	0	0
ASV_912	0	0	0	0	0	0	0	0	0	0	0	2	0	0
ASV_913	0	0	0	0	0	0	0	0	0	0	0	2	0	0
ASV_914	0	0	0	0	0	0	0	0	0	0	0	2	0	0
ASV_915	0	0	0	0	0	0	0	0	0	0	0	2	0	0
ASV_916	0	0	0	0	0	0	0	0	0	0	0	2	0	0
ASV_917	0	0	0	0	0	0	0	0	0	0	0	2	0	0
ASV_918	0	0	0	0	0	0	0	0	0	0	0	2	0	0
ASV_919	0	0	0	0	0	0	0	0	0	0	0	2	0	0
ASV_920	0	0	0	0	0	0	0	0	0	0	0	2	0	0
ASV_921	0	0	0	0	0	0	0	0	0	0	0	2	0	0
ASV_922	0	0	0	0	0	0	0	0	0	0	0	2	0	0
ASV_923	0	0	0	0	0	0	0	0	0	0	0	2	0	0
ASV_924	0	0	0	0	0	0	0	0	0	0	0	0	2	0
ASV_925	0	0	0	0	0	0	0	0	0	0	0	0	2	0
ASV_926	0	0	0	0	0	0	0	0	0	0	0	0	2	0
ASV_927	0	0	0	0	0	0	0	0	0	0	0	0	2	0
ASV_928	0	0	0	0	0	0	0	0	0	0	0	0	2	0
ASV_929	0	0	0	0	0	0	0	0	0	0	0	0	2	0
ASV_930	0	0	0	0	0	0	0	0	0	0	0	0	0	2
ASV_931	0	0	0	0	0	0	0	0	0	0	0	0	0	2
ASV_932	0	0	0	0	0	0	0	0	0	0	0	0	0	2
ASV_933	0	0	0	0	0	0	0	0	0	0	0	0	0	2
ASV_934	0	0	0	0	0	0	0	0	0	0	0	0	0	2
ASV_935	0	0	0	0	0	0	0	0	0	0	0	0	0	2
ASV_936	0	0	0	0	0	0	0	0	0	0	0	0	0	2
ASV_937	0	0	0	0	0	0	0	0	0	0	0	0	0	2
ASV_938	0	0	0	0	0	0	0	0	0	0	0	0	0	2
ASV_939	0	0	0	0	0	0	0	0	0	0	0	0	0	2
ASV_940	0	0	0	0	0	0	0	0	0	0	0	0	0	2
ASV_941	0	0	0	0	0	0	0	0	0	0	0	0	0	2
ASV_942	0	0	0	0	0	0	0	0	0	0	0	0	0	2
ASV_943	0	0	0	0	0	0	0	0	0	0	0	0	0	2
ASV_944	0	0	0	0	0	0	0	0	0	0	0	0	0	2
ASV_945	0	0	0	0	0	0	0	0	0	0	0	0	0	2
ASV_946	0	0	0	0	0	0	0	0	0	0	0	0	0	0
ASV_947	0	0	0	0	0	0	0	0	0	0	0	0	0	0
ASV_948	0	0	0	0	0	0	0	0	0	0	0	0	0	0
ASV_949	1	0	0	0	0	0	0	0	0	0	0	0	0	0
ASV_950	1	0	0	0	0	0	0	0	0	0	0	0	0	0
ASV_951	1	0	0	0	0	0	0	0	0	0	0	0	0	0
ASV_952	0	1	0	0	0	0	0	0	0	0	0	0	0	0
ASV_953	0	0	0	1	0	0	0	0	0	0	0	0	0	0
ASV_954	0	0	0	1	0	0	0	0	0	0	0	0	0	0
ASV_955	0	0	0	1	0	0	0	0	0	0	0	0	0	0
ASV_956	0	0	0	1	0	0	0	0	0	0	0	0	0	0
ASV_957	0	0	0	0	1	0	0	0	0	0	0	0	0	0
ASV_958	0	0	0	0	0	1	0	0	0	0	0	0	0	0
ASV_959	0	0	0	0	0	1	0	0	0	0	0	0	0	0
ASV_960	0	0	0	0	0	1	0	0	0	0	0	0	0	0
ASV_961	0	0	0	0	0	0	1	0	0	0	0	0	0	0
ASV_962	0	0	0	0	0	0	0	1	0	0	0	0	0	0
ASV_963	0	0	0	0	0	0	0	1	0	0	0	0	0	0
ASV_964	0	0	0	0	0	0	0	1	0	0	0	0	0	0
ASV_965	0	0	0	0	0	0	0	0	1	0	0	0	0	0
ASV_966	0	0	0	0	0	0	0	0	0	1	0	0	0	0
ASV_967	0	0	0	0	0	0	0	0	0	0	1	0	0	0
ASV_968	0	0	0	0	0	0	0	0	0	0	1	0	0	0
ASV_969	0	0	0	0	0	0	0	0	0	0	1	0	0	0
ASV_970	0	0	0	0	0	0	0	0	0	0	0	1	0	0
ASV_971	0	0	0	0	0	0	0	0	0	0	0	1	0	0
ASV_972	0	0	0	0	0	0	0	0	0	0	0	1	0	0
ASV_973	0	0	0	0	0	0	0	0	0	0	0	1	0	0
ASV_974	0	0	0	0	0	0	0	0	0	0	0	1	0	0
ASV_975	0	0	0	0	0	0	0	0	0	0	0	0	1	0
ASV_976	0	0	0	0	0	0	0	0	0	0	0	0	1	0
ASV_977	0	0	0	0	0	0	0	0	0	0	0	0	0	1
ASV_978	0	0	0	0	0	0	0	0	0	0	0	0	0	1
ASV_979	0	0	0	0	0	0	0	0	0	0	0	0	0	1
ASV_980	0	0	0	0	0	0	0	0	0	0	0	0	0	1
ASV_981	0	0	0	0	0	0	0	0	0	0	0	0	0	1