"ASV","contaminant","p_prev"
"ASV_1",FALSE,0.5
"ASV_2",FALSE,0.5
"ASV_3",FALSE,0.5
"ASV_4",FALSE,0.9375
"ASV_5",FALSE,0.5
"ASV_6",FALSE,0.9375
"ASV_7",TRUE,0.325
"ASV_8",FALSE,0.995833333333333
"ASV_9",FALSE,0.9375
"ASV_10",FALSE,0.9375
"ASV_11",FALSE,0.6875
"ASV_12",FALSE,0.995833333333333
"ASV_13",FALSE,0.9375
"ASV_14",FALSE,0.6875
"ASV_15",FALSE,0.6875
"ASV_16",FALSE,0.995833333333333
"ASV_17",FALSE,0.625
"ASV_18",FALSE,0.625
"ASV_19",FALSE,0.995833333333333
"ASV_20",FALSE,0.9875
"ASV_21",FALSE,0.6875
"ASV_22",FALSE,0.8125
"ASV_23",TRUE,0.025
"ASV_24",FALSE,0.995833333333333
"ASV_25",FALSE,0.625
"ASV_26",TRUE,0.3125
"ASV_27",FALSE,0.8125
"ASV_28",FALSE,0.6875
"ASV_29",FALSE,0.9375
"ASV_30",FALSE,0.625
"ASV_31",FALSE,0.75
"ASV_32",FALSE,0.9375
"ASV_33",FALSE,0.725
"ASV_34",FALSE,0.9375
"ASV_35",FALSE,0.975
"ASV_36",FALSE,NA
"ASV_37",FALSE,0.883333333333333
"ASV_38",FALSE,0.5625
"ASV_39",FALSE,NA
"ASV_40",FALSE,0.958333333333333
"ASV_41",FALSE,NA
"ASV_42",FALSE,0.9375
"ASV_43",FALSE,0.75
"ASV_44",FALSE,0.9375
"ASV_45",FALSE,0.8125
"ASV_46",TRUE,0.0875
"ASV_47",FALSE,0.5625
"ASV_48",FALSE,NA
"ASV_49",FALSE,0.883333333333333
"ASV_50",FALSE,0.75
"ASV_51",FALSE,NA
"ASV_52",FALSE,NA
"ASV_53",FALSE,0.770833333333333
"ASV_54",FALSE,NA
"ASV_55",FALSE,0.75
"ASV_56",FALSE,NA
"ASV_57",FALSE,0.9125
"ASV_58",FALSE,0.725
"ASV_59",FALSE,NA
"ASV_60",FALSE,NA
"ASV_61",FALSE,0.625
"ASV_62",TRUE,0.0125000000000001
"ASV_63",FALSE,0.625
"ASV_64",FALSE,0.6875
"ASV_65",FALSE,0.5625
"ASV_66",FALSE,0.883333333333333
"ASV_67",FALSE,0.875
"ASV_68",FALSE,0.725
"ASV_69",FALSE,0.9125
"ASV_70",FALSE,0.5625
"ASV_71",FALSE,0.9125
"ASV_72",FALSE,NA
"ASV_73",FALSE,0.995833333333333
"ASV_74",FALSE,0.9125
"ASV_75",FALSE,0.625
"ASV_76",FALSE,0.883333333333333
"ASV_77",FALSE,0.8125
"ASV_78",TRUE,0.3125
"ASV_79",FALSE,0.9125
"ASV_80",FALSE,0.5625
"ASV_81",TRUE,0.375
"ASV_82",FALSE,0.625
"ASV_83",FALSE,0.975
"ASV_84",FALSE,0.5625
"ASV_85",FALSE,0.9375
"ASV_86",FALSE,NA
"ASV_87",FALSE,NA
"ASV_88",FALSE,0.625
"ASV_89",FALSE,0.675
"ASV_90",FALSE,0.958333333333333
"ASV_91",FALSE,0.5
"ASV_92",FALSE,0.8125
"ASV_93",FALSE,NA
"ASV_94",FALSE,NA
"ASV_95",FALSE,NA
"ASV_96",FALSE,NA
"ASV_97",FALSE,NA
"ASV_98",FALSE,0.770833333333333
"ASV_99",FALSE,NA
"ASV_100",TRUE,0.4375
"ASV_101",TRUE,0.3125
"ASV_102",FALSE,0.770833333333333
"ASV_103",FALSE,0.875
"ASV_104",FALSE,0.8125
"ASV_105",FALSE,0.8125
"ASV_106",FALSE,0.770833333333333
"ASV_107",FALSE,NA
"ASV_108",FALSE,0.725
"ASV_109",TRUE,0.3125
"ASV_110",FALSE,0.85
"ASV_111",FALSE,0.9125
"ASV_112",TRUE,0.3125
"ASV_113",FALSE,0.9375
"ASV_114",FALSE,0.9375
"ASV_115",FALSE,0.770833333333333
"ASV_116",FALSE,NA
"ASV_117",TRUE,0.4375
"ASV_118",FALSE,NA
"ASV_119",FALSE,NA
"ASV_120",FALSE,0.85
"ASV_121",FALSE,NA
"ASV_122",FALSE,0.8125
"ASV_123",FALSE,NA
"ASV_124",FALSE,0.958333333333333
"ASV_125",FALSE,0.8125
"ASV_126",FALSE,NA
"ASV_127",FALSE,NA
"ASV_128",FALSE,NA
"ASV_129",FALSE,NA
"ASV_130",TRUE,0.1875
"ASV_131",FALSE,NA
"ASV_132",FALSE,0.9125
"ASV_133",FALSE,0.9375
"ASV_134",FALSE,0.85
"ASV_135",FALSE,NA
"ASV_136",FALSE,NA
"ASV_137",FALSE,0.725
"ASV_138",FALSE,0.8125
"ASV_139",FALSE,0.675
"ASV_140",FALSE,NA
"ASV_141",FALSE,0.85
"ASV_142",FALSE,0.675
"ASV_143",FALSE,0.9375
"ASV_144",FALSE,0.675
"ASV_145",FALSE,0.770833333333333
"ASV_146",FALSE,0.675
"ASV_147",TRUE,0.375
"ASV_148",FALSE,0.675
"ASV_149",FALSE,NA
"ASV_150",FALSE,0.770833333333333
"ASV_151",FALSE,0.725
"ASV_152",TRUE,0.025
"ASV_153",FALSE,NA
"ASV_154",FALSE,NA
"ASV_155",FALSE,0.770833333333333
"ASV_156",FALSE,NA
"ASV_157",FALSE,0.725
"ASV_158",FALSE,NA
"ASV_159",FALSE,0.725
"ASV_160",FALSE,NA
"ASV_161",FALSE,NA
"ASV_162",FALSE,NA
"ASV_163",FALSE,NA
"ASV_164",FALSE,0.770833333333333
"ASV_165",FALSE,NA
"ASV_166",FALSE,NA
"ASV_167",FALSE,NA
"ASV_168",FALSE,0.770833333333333
"ASV_169",FALSE,0.725
"ASV_170",FALSE,NA
"ASV_171",TRUE,0.25
"ASV_172",TRUE,0.4375
"ASV_173",FALSE,0.620833333333333
"ASV_174",FALSE,0.675
"ASV_175",FALSE,0.770833333333333
"ASV_176",FALSE,0.725
"ASV_177",FALSE,NA
"ASV_178",FALSE,0.725
"ASV_179",FALSE,NA
"ASV_180",FALSE,0.620833333333333
"ASV_181",FALSE,NA
"ASV_182",FALSE,NA
"ASV_183",FALSE,NA
"ASV_184",FALSE,0.675
"ASV_185",FALSE,NA
"ASV_186",FALSE,NA
"ASV_187",FALSE,NA
"ASV_188",FALSE,NA
"ASV_189",FALSE,NA
"ASV_190",FALSE,NA
"ASV_191",FALSE,NA
"ASV_192",FALSE,NA
"ASV_193",FALSE,NA
"ASV_194",FALSE,NA
"ASV_195",FALSE,NA
"ASV_196",FALSE,0.675
"ASV_197",FALSE,NA
"ASV_198",FALSE,NA
"ASV_199",FALSE,NA
"ASV_200",FALSE,NA
"ASV_201",TRUE,0.125
"ASV_202",FALSE,NA
"ASV_203",FALSE,NA
"ASV_204",FALSE,NA
"ASV_205",FALSE,NA
"ASV_206",FALSE,NA
"ASV_207",FALSE,NA
"ASV_208",FALSE,NA
"ASV_209",FALSE,NA
"ASV_210",FALSE,0.675
"ASV_211",FALSE,NA
"ASV_212",FALSE,NA
"ASV_213",FALSE,NA
"ASV_214",FALSE,NA
"ASV_215",FALSE,NA
"ASV_216",FALSE,NA
"ASV_217",FALSE,NA
"ASV_218",FALSE,NA
"ASV_219",FALSE,NA
"ASV_220",FALSE,NA
"ASV_221",TRUE,0.1875
"ASV_222",FALSE,NA
"ASV_223",FALSE,0.620833333333333
"ASV_224",FALSE,NA
"ASV_225",FALSE,NA
"ASV_226",FALSE,NA
"ASV_227",FALSE,NA
"ASV_228",FALSE,NA
"ASV_229",FALSE,NA
"ASV_230",FALSE,NA
"ASV_231",FALSE,NA
"ASV_232",FALSE,NA
"ASV_233",FALSE,NA
"ASV_234",FALSE,NA
"ASV_235",FALSE,NA
"ASV_236",FALSE,NA
"ASV_237",FALSE,NA
"ASV_238",FALSE,NA
"ASV_239",FALSE,NA
"ASV_240",FALSE,NA
"ASV_241",FALSE,NA
"ASV_242",FALSE,NA
"ASV_243",FALSE,NA
"ASV_244",FALSE,NA
"ASV_245",FALSE,NA
"ASV_246",FALSE,NA
"ASV_247",FALSE,NA
"ASV_248",FALSE,NA
"ASV_249",FALSE,NA
"ASV_250",FALSE,NA
"ASV_251",FALSE,NA
"ASV_252",FALSE,NA
"ASV_253",FALSE,NA
